Town,District,Division,Region,State,Town Type,Transport Name
Maihar,Maihar,Rewa,Baghelkhand Region,Madhya Pradesh,Nagar Palika,
Amarpatan,Maihar,Rewa,Baghelkhand Region,Madhya Pradesh,Nagar Parishad,
Ramnagar,Maihar,Rewa,Baghelkhand Region,Madhya Pradesh,Nagar Parishad,
Mauganj,Mauganj,Rewa,Baghelkhand Region,Madhya Pradesh,Nagar Parishad,
Hanumana,Mauganj,Rewa,Baghelkhand Region,Madhya Pradesh,Nagar Parishad,
Naigarhi,Mauganj,Rewa,Baghelkhand Region,Madhya Pradesh,Nagar Parishad,
Deotalab,Mauganj,Rewa,Baghelkhand Region,Madhya Pradesh,Town,
Rewa,Rewa,Rewa,Baghelkhand Region,Madhya Pradesh,,
Mauganj,Rewa,Rewa,Baghelkhand Region,Madhya Pradesh,,
Teonthar,Rewa,Rewa,Baghelkhand Region,Madhya Pradesh,,
Satna,Satna,Rewa,Baghelkhand Region,Madhya Pradesh,,
Maihar,Satna,Rewa,Baghelkhand Region,Madhya Pradesh,,
Amarpatan,Satna,Rewa,Baghelkhand Region,Madhya Pradesh,,
Sidhi,Sidhi,Rewa,Baghelkhand Region,Madhya Pradesh,,
Churhat,Sidhi,Rewa,Baghelkhand Region,Madhya Pradesh,,
Majhauli,Sidhi,Rewa,Baghelkhand Region,Madhya Pradesh,,
Singrauli,Singrauli,Rewa,Baghelkhand Region,Madhya Pradesh,,
Waidhan,Singrauli,Rewa,Baghelkhand Region,Madhya Pradesh,,
Anuppur,Anuppur,Shahdol,Baghelkhand Region,Madhya Pradesh,,
Kotma,Anuppur,Shahdol,Baghelkhand Region,Madhya Pradesh,,
Jaithari,Anuppur,Shahdol,Baghelkhand Region,Madhya Pradesh,,
Shahdol,Shahdol,Shahdol,Baghelkhand Region,Madhya Pradesh,,
Beohari,Shahdol,Shahdol,Baghelkhand Region,Madhya Pradesh,,
Burhar,Shahdol,Shahdol,Baghelkhand Region,Madhya Pradesh,,
Dhanpuri,Shahdol,Shahdol,Baghelkhand Region,Madhya Pradesh,,
Umaria,Umaria,Shahdol,Baghelkhand Region,Madhya Pradesh,,
Pali,Umaria,Shahdol,Baghelkhand Region,Madhya Pradesh,,
Bandhavgarh,Umaria,Shahdol,Baghelkhand Region,Madhya Pradesh,,
Bairagarh,Bhopal,Bhopal,Bhopal Region,Madhya Pradesh,Municipal Corporation,
Bhopal,Bhopal,Bhopal,Bhopal Region,Madhya Pradesh,Municipal Corporation,
Berasia,Bhopal,Bhopal,Bhopal Region,Madhya Pradesh,Municipality,
Raisen,Raisen,Bhopal,Bhopal Region,Madhya Pradesh,Municipality,
Obedullaganj,Raisen,Bhopal,Bhopal Region,Madhya Pradesh,Nagar Panchayat,
Mandideep,Raisen,Bhopal,Bhopal Region,Madhya Pradesh,Municipality,
Bareli,Raisen,Bhopal,Bhopal Region,Madhya Pradesh,Nagar Panchayat,
Silwani,Raisen,Bhopal,Bhopal Region,Madhya Pradesh,Nagar Panchayat,
Sultanpur,Raisen,Bhopal,Bhopal Region,Madhya Pradesh,Nagar Panchayat,
Sanchi,Raisen,Bhopal,Bhopal Region,Madhya Pradesh,Nagar Panchayat,
Begamganj,Raisen,Bhopal,Bhopal Region,Madhya Pradesh,Municipality,
Rajgarh,Rajgarh,Bhopal,Bhopal Region,Madhya Pradesh,Municipality,
Biaora,Rajgarh,Bhopal,Bhopal Region,Madhya Pradesh,Municipality,
Narsinghgarh,Rajgarh,Bhopal,Bhopal Region,Madhya Pradesh,Municipality,
Khilchipur,Rajgarh,Bhopal,Bhopal Region,Madhya Pradesh,Nagar Panchayat,
Sarangpur,Rajgarh,Bhopal,Bhopal Region,Madhya Pradesh,Municipality,
Pachore,Rajgarh,Bhopal,Bhopal Region,Madhya Pradesh,Nagar Panchayat,
Machalpur,Rajgarh,Bhopal,Bhopal Region,Madhya Pradesh,Nagar Panchayat,
Sehore,Sehore,Bhopal,Bhopal Region,Madhya Pradesh,Municipality,
Ashta,Sehore,Bhopal,Bhopal Region,Madhya Pradesh,Municipality,
Ichhawar,Sehore,Bhopal,Bhopal Region,Madhya Pradesh,Nagar Panchayat,
Nasrullaganj,Sehore,Bhopal,Bhopal Region,Madhya Pradesh,Nagar Panchayat,
Rehti,Sehore,Bhopal,Bhopal Region,Madhya Pradesh,Nagar Panchayat,
Vidisha,Vidisha,Bhopal,Bhopal Region,Madhya Pradesh,Municipality,
Basoda,Vidisha,Bhopal,Bhopal Region,Madhya Pradesh,Municipality,
Sironj,Vidisha,Bhopal,Bhopal Region,Madhya Pradesh,Municipality,
Ganj Basoda,Vidisha,Bhopal,Bhopal Region,Madhya Pradesh,Municipality,
Shamshabad,Vidisha,Bhopal,Bhopal Region,Madhya Pradesh,Nagar Panchayat,
Lateri,Vidisha,Bhopal,Bhopal Region,Madhya Pradesh,Nagar Panchayat,
Kurwai,Vidisha,Bhopal,Bhopal Region,Madhya Pradesh,Nagar Panchayat,
Ashoknagar,Ashoknagar,Gwalior,Bundelkhand Region,Madhya Pradesh,Municipality,
Chanderi,Ashoknagar,Gwalior,Bundelkhand Region,Madhya Pradesh,Municipality,
Isagarh,Ashoknagar,Gwalior,Bundelkhand Region,Madhya Pradesh,Nagar Panchayat,
Mungaoli,Ashoknagar,Gwalior,Bundelkhand Region,Madhya Pradesh,Nagar Panchayat,
Shadora,Ashoknagar,Gwalior,Bundelkhand Region,Madhya Pradesh,Nagar Panchayat,
Datia,Datia,Gwalior,Bundelkhand Region,Madhya Pradesh,Municipality,
Seondha,Datia,Gwalior,Bundelkhand Region,Madhya Pradesh,Nagar Panchayat,
Indergarh,Datia,Gwalior,Bundelkhand Region,Madhya Pradesh,Nagar Panchayat,
Bhander,Datia,Gwalior,Bundelkhand Region,Madhya Pradesh,Nagar Panchayat,
Chhatarpur,Chhatarpur,Sagar,Bundelkhand Region,Madhya Pradesh,,
Nowgong,Chhatarpur,Sagar,Bundelkhand Region,Madhya Pradesh,,
Bijawar,Chhatarpur,Sagar,Bundelkhand Region,Madhya Pradesh,,
Damoh,Damoh,Sagar,Bundelkhand Region,Madhya Pradesh,,
Hatta,Damoh,Sagar,Bundelkhand Region,Madhya Pradesh,,
Patharia,Damoh,Sagar,Bundelkhand Region,Madhya Pradesh,,
Niwari,Niwari,Sagar,Bundelkhand Region,Madhya Pradesh,,
Orchha,Niwari,Sagar,Bundelkhand Region,Madhya Pradesh,,
Panna,Panna,Sagar,Bundelkhand Region,Madhya Pradesh,Nagar Palika Parishad,
Ajaygarh,Panna,Sagar,Bundelkhand Region,Madhya Pradesh,Nagar Parishad,
Amanganj,Panna,Sagar,Bundelkhand Region,Madhya Pradesh,Nagar Parishad,
Devendranagar,Panna,Sagar,Bundelkhand Region,Madhya Pradesh,Nagar Parishad,
Kakrehti,Panna,Sagar,Bundelkhand Region,Madhya Pradesh,Nagar Parishad,
Pawai,Panna,Sagar,Bundelkhand Region,Madhya Pradesh,Nagar Parishad,
Gunour,Panna,Sagar,Bundelkhand Region,Madhya Pradesh,Town,
Shahnagar,Panna,Sagar,Bundelkhand Region,Madhya Pradesh,Town,
Raipura,Panna,Sagar,Bundelkhand Region,Madhya Pradesh,Town,
Simariya,Panna,Sagar,Bundelkhand Region,Madhya Pradesh,Town,
Sagar,Sagar,Sagar,Bundelkhand Region,Madhya Pradesh,,
Rehli,Sagar,Sagar,Bundelkhand Region,Madhya Pradesh,,
Banda,Sagar,Sagar,Bundelkhand Region,Madhya Pradesh,,
Tikamgarh,Tikamgarh,Sagar,Bundelkhand Region,Madhya Pradesh,,
Jatara,Tikamgarh,Sagar,Bundelkhand Region,Madhya Pradesh,,
Prithvipur,Tikamgarh,Sagar,Bundelkhand Region,Madhya Pradesh,,
Bhind,Bhind,Chambal,Gwalior-Chambal Region,Madhya Pradesh,Municipality,
Lahar,Bhind,Chambal,Gwalior-Chambal Region,Madhya Pradesh,Nagar Panchayat,
Gohad,Bhind,Chambal,Gwalior-Chambal Region,Madhya Pradesh,Municipality,
Mehgaon,Bhind,Chambal,Gwalior-Chambal Region,Madhya Pradesh,Nagar Panchayat,
Mihona,Bhind,Chambal,Gwalior-Chambal Region,Madhya Pradesh,Nagar Panchayat,
Gormi,Bhind,Chambal,Gwalior-Chambal Region,Madhya Pradesh,Nagar Panchayat,
Ater,Bhind,Chambal,Gwalior-Chambal Region,Madhya Pradesh,Nagar Panchayat,
Daboh,Bhind,Chambal,Gwalior-Chambal Region,Madhya Pradesh,Nagar Panchayat,
Mau,Bhind,Chambal,Gwalior-Chambal Region,Madhya Pradesh,Nagar Panchayat,
Phuphkalan,Bhind,Chambal,Gwalior-Chambal Region,Madhya Pradesh,Nagar Panchayat,
Akoda,Bhind,Chambal,Gwalior-Chambal Region,Madhya Pradesh,Nagar Panchayat,
Alampur,Bhind,Chambal,Gwalior-Chambal Region,Madhya Pradesh,Nagar Panchayat,
Banmore,Morena,Chambal,Gwalior-Chambal Region,Madhya Pradesh,Municipality,
Morena,Morena,Chambal,Gwalior-Chambal Region,Madhya Pradesh,Municipality,
Ambah,Morena,Chambal,Gwalior-Chambal Region,Madhya Pradesh,Municipality,
Porsa,Morena,Chambal,Gwalior-Chambal Region,Madhya Pradesh,Municipality,
Sabalgarh,Morena,Chambal,Gwalior-Chambal Region,Madhya Pradesh,Municipality,
Joura,Morena,Chambal,Gwalior-Chambal Region,Madhya Pradesh,Nagar Panchayat,
Kailaras,Morena,Chambal,Gwalior-Chambal Region,Madhya Pradesh,Nagar Panchayat,
Bamor,Morena,Chambal,Gwalior-Chambal Region,Madhya Pradesh,Nagar Panchayat,
Sheopur,Sheopur,Chambal,Gwalior-Chambal Region,Madhya Pradesh,Municipality,
Baroda,Sheopur,Chambal,Gwalior-Chambal Region,Madhya Pradesh,Nagar Panchayat,
Vijaypur,Sheopur,Chambal,Gwalior-Chambal Region,Madhya Pradesh,Nagar Panchayat,
Guna,Guna,Gwalior,Gwalior-Chambal Region,Madhya Pradesh,Municipality,
Raghogarh-Vijaypur,Guna,Gwalior,Gwalior-Chambal Region,Madhya Pradesh,Municipality,
Aron,Guna,Gwalior,Gwalior-Chambal Region,Madhya Pradesh,Nagar Panchayat,
Chachoda,Guna,Gwalior,Gwalior-Chambal Region,Madhya Pradesh,Nagar Panchayat,
Kumbhraj,Guna,Gwalior,Gwalior-Chambal Region,Madhya Pradesh,Nagar Panchayat,
Gwalior,Gwalior,Gwalior,Gwalior-Chambal Region,Madhya Pradesh,Municipal Corporation,
Dabra,Gwalior,Gwalior,Gwalior-Chambal Region,Madhya Pradesh,Municipality,
Bhitarwar,Gwalior,Gwalior,Gwalior-Chambal Region,Madhya Pradesh,Nagar Panchayat,
Morar Cantonment,Gwalior,Gwalior,Gwalior-Chambal Region,Madhya Pradesh,,
Shivpuri,Shivpuri,Gwalior,Gwalior-Chambal Region,Madhya Pradesh,Municipality,
Kolaras,Shivpuri,Gwalior,Gwalior-Chambal Region,Madhya Pradesh,Nagar Panchayat,
Badarwas,Shivpuri,Gwalior,Gwalior-Chambal Region,Madhya Pradesh,Nagar Panchayat,
Karera,Shivpuri,Gwalior,Gwalior-Chambal Region,Madhya Pradesh,Nagar Panchayat,
Narwar,Shivpuri,Gwalior,Gwalior-Chambal Region,Madhya Pradesh,Nagar Panchayat,
Pichhore,Shivpuri,Gwalior,Gwalior-Chambal Region,Madhya Pradesh,Nagar Panchayat,
Balaghat,Balaghat,Jabalpur,Mahakaushal Region,Madhya Pradesh,Municipality,
Waraseoni,Balaghat,Jabalpur,Mahakaushal Region,Madhya Pradesh,Municipality,
Katangi,Balaghat,Jabalpur,Mahakaushal Region,Madhya Pradesh,Nagar Panchayat,
Lanji,Balaghat,Jabalpur,Mahakaushal Region,Madhya Pradesh,Nagar Panchayat,
Malajkhand,Balaghat,Jabalpur,Mahakaushal Region,Madhya Pradesh,Municipality,
Bharveli,Balaghat,Jabalpur,Mahakaushal Region,Madhya Pradesh,Census Town,
Garra,Balaghat,Jabalpur,Mahakaushal Region,Madhya Pradesh,Census Town,
Hirapur,Balaghat,Jabalpur,Mahakaushal Region,Madhya Pradesh,Census Town,
Balaghat,Balaghat,Jabalpur,Mahakaushal Region,Madhya Pradesh,,
Baihar,Balaghat,Jabalpur,Mahakaushal Region,Madhya Pradesh,,
Waraseoni,Balaghat,Jabalpur,Mahakaushal Region,Madhya Pradesh,,
Chhindwara,Chhindwara,Jabalpur,Mahakaushal Region,Madhya Pradesh,Municipality,
Parasia,Chhindwara,Jabalpur,Mahakaushal Region,Madhya Pradesh,Municipality,
Pandhurna,Chhindwara,Jabalpur,Mahakaushal Region,Madhya Pradesh,Municipality,
Sausar,Chhindwara,Jabalpur,Mahakaushal Region,Madhya Pradesh,Municipality,
Damua,Chhindwara,Jabalpur,Mahakaushal Region,Madhya Pradesh,Municipality,
Harrai,Chhindwara,Jabalpur,Mahakaushal Region,Madhya Pradesh,Nagar Panchayat,
Lodhikheda,Chhindwara,Jabalpur,Mahakaushal Region,Madhya Pradesh,Nagar Panchayat,
Mohgaon,Chhindwara,Jabalpur,Mahakaushal Region,Madhya Pradesh,Nagar Panchayat,
Neuton Chikhli Kalan,Chhindwara,Jabalpur,Mahakaushal Region,Madhya Pradesh,Nagar Panchayat,
Iklehra,Chhindwara,Jabalpur,Mahakaushal Region,Madhya Pradesh,Census Town,
Sethiya,Chhindwara,Jabalpur,Mahakaushal Region,Madhya Pradesh,Census Town,
Pal Chaurai,Chhindwara,Jabalpur,Mahakaushal Region,Madhya Pradesh,Census Town,
Panara,Chhindwara,Jabalpur,Mahakaushal Region,Madhya Pradesh,Census Town,
Piplanarayanwar,Chhindwara,Jabalpur,Mahakaushal Region,Madhya Pradesh,Nagar Panchayat,
Lonia Karbal,Chhindwara,Jabalpur,Mahakaushal Region,Madhya Pradesh,Census Town,
Sirgora,Chhindwara,Jabalpur,Mahakaushal Region,Madhya Pradesh,Census Town,
Chhindwara,Chhindwara,Jabalpur,Mahakaushal Region,Madhya Pradesh,,
Parasia,Chhindwara,Jabalpur,Mahakaushal Region,Madhya Pradesh,,
Sausar,Chhindwara,Jabalpur,Mahakaushal Region,Madhya Pradesh,,
Dindori,Dindori,Jabalpur,Mahakaushal Region,Madhya Pradesh,,
Shahpura,Dindori,Jabalpur,Mahakaushal Region,Madhya Pradesh,,
Jabalpur,Jabalpur,Jabalpur,Mahakaushal Region,Madhya Pradesh,Municipal Corporation,
Sihora,Jabalpur,Jabalpur,Mahakaushal Region,Madhya Pradesh,Municipality,
Panagar,Jabalpur,Jabalpur,Mahakaushal Region,Madhya Pradesh,Municipality,
Majholi,Jabalpur,Jabalpur,Mahakaushal Region,Madhya Pradesh,Nagar Panchayat,
Patan,Jabalpur,Jabalpur,Mahakaushal Region,Madhya Pradesh,Nagar Panchayat,
Shahpura,Jabalpur,Jabalpur,Mahakaushal Region,Madhya Pradesh,Nagar Panchayat,
Barela,Jabalpur,Jabalpur,Mahakaushal Region,Madhya Pradesh,Nagar Panchayat,
Bhedaghat,Jabalpur,Jabalpur,Mahakaushal Region,Madhya Pradesh,Nagar Panchayat,
Suhagi,Jabalpur,Jabalpur,Mahakaushal Region,Madhya Pradesh,Nagar Panchayat,
GCF Jabalpur,Jabalpur,Jabalpur,Mahakaushal Region,Madhya Pradesh,Census Town,
Ordnance Factory Khamaria,Jabalpur,Jabalpur,Mahakaushal Region,Madhya Pradesh,Census Town,
Harduli,Jabalpur,Jabalpur,Mahakaushal Region,Madhya Pradesh,Census Town,
Karmeta,Jabalpur,Jabalpur,Mahakaushal Region,Madhya Pradesh,Census Town,
Maharajpur,Jabalpur,Jabalpur,Mahakaushal Region,Madhya Pradesh,Census Town,
Manegaon,Jabalpur,Jabalpur,Mahakaushal Region,Madhya Pradesh,Census Town,
Madai,Jabalpur,Jabalpur,Mahakaushal Region,Madhya Pradesh,Census Town,
Kundam,Jabalpur,Jabalpur,Mahakaushal Region,Madhya Pradesh,Census Town,
Pipariya,Jabalpur,Jabalpur,Mahakaushal Region,Madhya Pradesh,Census Town,
Katni,Katni,Jabalpur,Mahakaushal Region,Madhya Pradesh,Municipality,
Katni,Katni,Jabalpur,Mahakaushal Region,Madhya Pradesh,,
Murwara,Katni,Jabalpur,Mahakaushal Region,Madhya Pradesh,,
Vijayraghavgarh,Katni,Jabalpur,Mahakaushal Region,Madhya Pradesh,,
Mandla,Mandla,Jabalpur,Mahakaushal Region,Madhya Pradesh,,
Nainpur,Mandla,Jabalpur,Mahakaushal Region,Madhya Pradesh,,
Bichhiya,Mandla,Jabalpur,Mahakaushal Region,Madhya Pradesh,,
Narsinghpur,Narsinghpur,Jabalpur,Mahakaushal Region,Madhya Pradesh,,
Gadarwara,Narsinghpur,Jabalpur,Mahakaushal Region,Madhya Pradesh,,
Pandhurna,Pandhurna,Jabalpur,Mahakaushal Region,Madhya Pradesh,Municipality,
Seoni,Seoni,Jabalpur,Mahakaushal Region,Madhya Pradesh,,
Lakhnadon,Seoni,Jabalpur,Mahakaushal Region,Madhya Pradesh,,
Barghat,Seoni,Jabalpur,Mahakaushal Region,Madhya Pradesh,,
Dharampuri,Dhar,Indore,Malwa Region,Madhya Pradesh,Municipality,
Ghatabillod,Dhar,Indore,Malwa Region,Madhya Pradesh,Municipality,
Dhar,Dhar,Indore,Malwa Region,Madhya Pradesh,Municipality,
Pithampur,Dhar,Indore,Malwa Region,Madhya Pradesh,Municipality,
Manawar,Dhar,Indore,Malwa Region,Madhya Pradesh,Municipality,
Sardarpur,Dhar,Indore,Malwa Region,Madhya Pradesh,Nagar Panchayat,
Kukshi,Dhar,Indore,Malwa Region,Madhya Pradesh,Municipality,
Dhamnod,Dhar,Indore,Malwa Region,Madhya Pradesh,Nagar Panchayat,
Badnawar,Dhar,Indore,Malwa Region,Madhya Pradesh,Nagar Panchayat,
Mandav,Dhar,Indore,Malwa Region,Madhya Pradesh,Nagar Panchayat,
Dahi,Dhar,Indore,Malwa Region,Madhya Pradesh,Nagar Panchayat,
Dehrisaray,Dhar,Indore,Malwa Region,Madhya Pradesh,Census Town,
Mangliya,Indore,Indore,Malwa Region,Madhya Pradesh,Municipal Corporation,
Indore,Indore,Indore,Malwa Region,Madhya Pradesh,Municipal Corporation,
Mhow,Indore,Indore,Malwa Region,Madhya Pradesh,Cantonment,
Depalpur,Indore,Indore,Malwa Region,Madhya Pradesh,Nagar Panchayat,
Sanwer,Indore,Indore,Malwa Region,Madhya Pradesh,Nagar Panchayat,
Rau,Indore,Indore,Malwa Region,Madhya Pradesh,Nagar Panchayat,
Manpur,Indore,Indore,Malwa Region,Madhya Pradesh,Nagar Panchayat,
Hatod,Indore,Indore,Malwa Region,Madhya Pradesh,Nagar Panchayat,
Betma,Indore,Indore,Malwa Region,Madhya Pradesh,Nagar Panchayat,
Lasudiya Mori,Indore,Indore,Malwa Region,Madhya Pradesh,Census Town,
Limbodi,Indore,Indore,Malwa Region,Madhya Pradesh,Census Town,
Palda,Indore,Indore,Malwa Region,Madhya Pradesh,Census Town,
Bhicholi Hapsi,Indore,Indore,Malwa Region,Madhya Pradesh,Census Town,
Piplya Kumar,Indore,Indore,Malwa Region,Madhya Pradesh,Census Town,
Gujarkheda,Indore,Indore,Malwa Region,Madhya Pradesh,Census Town,
Bangarda Bada,Indore,Indore,Malwa Region,Madhya Pradesh,Census Town,
Bangarda Chhota,Indore,Indore,Malwa Region,Madhya Pradesh,Census Town,
Bank,Indore,Indore,Malwa Region,Madhya Pradesh,Census Town,
Sinhasa,Indore,Indore,Malwa Region,Madhya Pradesh,Census Town,
Santer,Indore,Indore,Malwa Region,Madhya Pradesh,Census Town,
Manglaya Sadak,Indore,Indore,Malwa Region,Madhya Pradesh,Census Town,
Piplya Mandi,Indore,Indore,Malwa Region,Madhya Pradesh,Nagar Panchayat,
Runji-Gautampura,Indore,Indore,Malwa Region,Madhya Pradesh,Nagar Panchayat,
Jhabua,Jhabua,Indore,Malwa Region,Madhya Pradesh,Municipality,
Petlawad,Jhabua,Indore,Malwa Region,Madhya Pradesh,Nagar Panchayat,
Thandla,Jhabua,Indore,Malwa Region,Madhya Pradesh,Nagar Panchayat,
Meghnagar,Jhabua,Indore,Malwa Region,Madhya Pradesh,Nagar Panchayat,
Ranapur,Jhabua,Indore,Malwa Region,Madhya Pradesh,Nagar Panchayat,
Nanpur,Jhabua,Indore,Malwa Region,Madhya Pradesh,Census Town,
Agar Malwa,Agar Malwa,Ujjain,Malwa Region,Madhya Pradesh,Nagar Palika Parishad,
Badagaon,Agar Malwa,Ujjain,Malwa Region,Madhya Pradesh,Nagar Palika Parishad,
Badod,Agar Malwa,Ujjain,Malwa Region,Madhya Pradesh,Nagar Palika Parishad,
Kanad,Agar Malwa,Ujjain,Malwa Region,Madhya Pradesh,Nagar Palika Parishad,
Nalkheda,Agar Malwa,Ujjain,Malwa Region,Madhya Pradesh,Nagar Palika Parishad,
Soayat Kalan,Agar Malwa,Ujjain,Malwa Region,Madhya Pradesh,Nagar Palika Parishad,
Susner,Agar Malwa,Ujjain,Malwa Region,Madhya Pradesh,Nagar Palika Parishad,
Ajnas,Dewas,Ujjain,Malwa Region,Madhya Pradesh,Municipal Corporation,
Dewas,Dewas,Ujjain,Malwa Region,Madhya Pradesh,Municipal Corporation,
Sonkatch,Dewas,Ujjain,Malwa Region,Madhya Pradesh,Urban Local Body,
Bhaurasa,Dewas,Ujjain,Malwa Region,Madhya Pradesh,Urban Local Body,
Pipalrawan,Dewas,Ujjain,Malwa Region,Madhya Pradesh,Urban Local Body,
Tonkkhurd,Dewas,Ujjain,Malwa Region,Madhya Pradesh,Urban Local Body,
Chapda,Dewas,Ujjain,Malwa Region,Madhya Pradesh,Urban Local Body,
Bagli,Dewas,Ujjain,Malwa Region,Madhya Pradesh,Urban Local Body,
Karnavad,Dewas,Ujjain,Malwa Region,Madhya Pradesh,Urban Local Body,
Hatpiplaya,Dewas,Ujjain,Malwa Region,Madhya Pradesh,Urban Local Body,
Kantaphod,Dewas,Ujjain,Malwa Region,Madhya Pradesh,Urban Local Body,
Loharda,Dewas,Ujjain,Malwa Region,Madhya Pradesh,Urban Local Body,
Satwas,Dewas,Ujjain,Malwa Region,Madhya Pradesh,Urban Local Body,
Kannod,Dewas,Ujjain,Malwa Region,Madhya Pradesh,Urban Local Body,
Khategaon,Dewas,Ujjain,Malwa Region,Madhya Pradesh,Urban Local Body,
Nemavar,Dewas,Ujjain,Malwa Region,Madhya Pradesh,Urban Local Body,
Mandsaur,Mandsaur,Ujjain,Malwa Region,Madhya Pradesh,Nagar Palika,
Nagri,Mandsaur,Ujjain,Malwa Region,Madhya Pradesh,Nagar Parishad,
Narayangarh,Mandsaur,Ujjain,Malwa Region,Madhya Pradesh,Nagar Parishad,
Pipliya Mandi,Mandsaur,Ujjain,Malwa Region,Madhya Pradesh,Nagar Parishad,
Bhanpura,Mandsaur,Ujjain,Malwa Region,Madhya Pradesh,Nagar Parishad,
Garoth,Mandsaur,Ujjain,Malwa Region,Madhya Pradesh,Nagar Parishad,
Malhargargh,Mandsaur,Ujjain,Malwa Region,Madhya Pradesh,Nagar Parishad,
Shamgargh,Mandsaur,Ujjain,Malwa Region,Madhya Pradesh,Nagar Parishad,
Sitamau,Mandsaur,Ujjain,Malwa Region,Madhya Pradesh,Nagar Parishad,
Suwasara,Mandsaur,Ujjain,Malwa Region,Madhya Pradesh,Nagar Parishad,
Neemuch,Neemuch,Ujjain,Malwa Region,Madhya Pradesh,Municipality,
Manasa,Neemuch,Ujjain,Malwa Region,Madhya Pradesh,Nagar Panchayat,
Rampura,Neemuch,Ujjain,Malwa Region,Madhya Pradesh,Nagar Panchayat,
Jawad,Neemuch,Ujjain,Malwa Region,Madhya Pradesh,Nagar Panchayat,
Ratlam,Ratlam,Ujjain,Malwa Region,Madhya Pradesh,Municipal Corporation,
Jaora,Ratlam,Ujjain,Malwa Region,Madhya Pradesh,Nagar Palika,
Alot,Ratlam,Ujjain,Malwa Region,Madhya Pradesh,Nagar Parishad,
Dhamnod,Ratlam,Ujjain,Malwa Region,Madhya Pradesh,Nagar Parishad,
Namli,Ratlam,Ujjain,Malwa Region,Madhya Pradesh,Nagar Parishad,
Pipolda,Ratlam,Ujjain,Malwa Region,Madhya Pradesh,Nagar Parishad,
Badawda,Ratlam,Ujjain,Malwa Region,Madhya Pradesh,Nagar Parishad,
Sailana,Ratlam,Ujjain,Malwa Region,Madhya Pradesh,Nagar Parishad,
Tal,Ratlam,Ujjain,Malwa Region,Madhya Pradesh,Nagar Parishad,
Shajapur,Shajapur,Ujjain,Malwa Region,Madhya Pradesh,Municipality,
Shujalpur,Shajapur,Ujjain,Malwa Region,Madhya Pradesh,Municipality,
Akodiya,Shajapur,Ujjain,Malwa Region,Madhya Pradesh,Nagar Parishad,
Maksi,Shajapur,Ujjain,Malwa Region,Madhya Pradesh,Nagar Parishad,
Pankhedi (Kalapipal),Shajapur,Ujjain,Malwa Region,Madhya Pradesh,Nagar Parishad,
PolayKala,Shajapur,Ujjain,Malwa Region,Madhya Pradesh,Nagar Parishad,
Ujjain,Ujjain,Ujjain,Malwa Region,Madhya Pradesh,Municipal Corporation,
Badnagar,Ujjain,Ujjain,Malwa Region,Madhya Pradesh,Nagar Palika,
Khachrod,Ujjain,Ujjain,Malwa Region,Madhya Pradesh,Nagar Palika,
Mahidpur,Ujjain,Ujjain,Malwa Region,Madhya Pradesh,Nagar Palika,
Nagda,Ujjain,Ujjain,Malwa Region,Madhya Pradesh,Nagar Palika,
Makdon,Ujjain,Ujjain,Malwa Region,Madhya Pradesh,Nagar Parishad,
Tarana,Ujjain,Ujjain,Malwa Region,Madhya Pradesh,Nagar Parishad,
Unhel,Ujjain,Ujjain,Malwa Region,Madhya Pradesh,Nagar Parishad,
Banapura,Narmadapuram,Narmadapuram,Narmadapuram Region,Madhya Pradesh,Nagar Palika,
Betul,Betul,Narmadapuram,Narmadapuram Region,Madhya Pradesh,Nagar Palika,
Amla,Betul,Narmadapuram,Narmadapuram Region,Madhya Pradesh,Nagar Palika,
Multai,Betul,Narmadapuram,Narmadapuram Region,Madhya Pradesh,Nagar Palika,
Sarni,Betul,Narmadapuram,Narmadapuram Region,Madhya Pradesh,Nagar Palika,
Athner,Betul,Narmadapuram,Narmadapuram Region,Madhya Pradesh,Nagar Parishad,
Betul Bazar,Betul,Narmadapuram,Narmadapuram Region,Madhya Pradesh,Nagar Parishad,
Bhainsdehi,Betul,Narmadapuram,Narmadapuram Region,Madhya Pradesh,Nagar Parishad,
Chicholi,Betul,Narmadapuram,Narmadapuram Region,Madhya Pradesh,Nagar Parishad,
Ghoradongri,Betul,Narmadapuram,Narmadapuram Region,Madhya Pradesh,Nagar Parishad,
Shahpur,Betul,Narmadapuram,Narmadapuram Region,Madhya Pradesh,Nagar Parishad,
Harda,Harda,Narmadapuram,Narmadapuram Region,Madhya Pradesh,Nagar Palika,
Sirali,Harda,Narmadapuram,Narmadapuram Region,Madhya Pradesh,Nagar Parishad,
Khirkiya,Harda,Narmadapuram,Narmadapuram Region,Madhya Pradesh,Nagar Parishad,
Timarni,Harda,Narmadapuram,Narmadapuram Region,Madhya Pradesh,Nagar Parishad,
Handiya,Harda,Narmadapuram,Narmadapuram Region,Madhya Pradesh,Town,
Narmadapuram,Narmadapuram,Narmadapuram,Narmadapuram Region,Madhya Pradesh,Nagar Palika,
Itarsi,Narmadapuram,Narmadapuram,Narmadapuram Region,Madhya Pradesh,Nagar Palika,
Seoni Malwa,Narmadapuram,Narmadapuram,Narmadapuram Region,Madhya Pradesh,Nagar Palika,
Pipariya,Narmadapuram,Narmadapuram,Narmadapuram Region,Madhya Pradesh,Nagar Palika,
Babai,Narmadapuram,Narmadapuram,Narmadapuram Region,Madhya Pradesh,Nagar Parishad,
Sohagpur,Narmadapuram,Narmadapuram,Narmadapuram Region,Madhya Pradesh,Nagar Parishad,
Bankhedi,Narmadapuram,Narmadapuram,Narmadapuram Region,Madhya Pradesh,Nagar Parishad,
Pachmarhi,Narmadapuram,Narmadapuram,Narmadapuram Region,Madhya Pradesh,Nagar Parishad,
Alirajpur,Alirajpur,Indore,Nimar Region,Madhya Pradesh,Municipality,
Jobat,Alirajpur,Indore,Nimar Region,Madhya Pradesh,Nagar Panchayat,
Bhabhra,Alirajpur,Indore,Nimar Region,Madhya Pradesh,Nagar Panchayat,
Anjad,Barwani,Indore,Nimar Region,Madhya Pradesh,Municipality,
Barwani,Barwani,Indore,Nimar Region,Madhya Pradesh,Municipality,
Sendhwa,Barwani,Indore,Nimar Region,Madhya Pradesh,Municipality,
Rajpur,Barwani,Indore,Nimar Region,Madhya Pradesh,Nagar Panchayat,
Ozhar,Barwani,Indore,Nimar Region,Madhya Pradesh,Nagar Panchayat,
Khetiya,Barwani,Indore,Nimar Region,Madhya Pradesh,Nagar Panchayat,
Pansemal,Barwani,Indore,Nimar Region,Madhya Pradesh,Nagar Panchayat,
Palsud,Barwani,Indore,Nimar Region,Madhya Pradesh,Nagar Panchayat,
Pipri,Barwani,Indore,Nimar Region,Madhya Pradesh,Census Town,
Burhanpur,Burhanpur,Indore,Nimar Region,Madhya Pradesh,Municipality,
Shahpur,Burhanpur,Indore,Nimar Region,Madhya Pradesh,Nagar Panchayat,
Nepanagar,Burhanpur,Indore,Nimar Region,Madhya Pradesh,Municipality,
Khandwa,Khandwa,Indore,Nimar Region,Madhya Pradesh,Municipality,
Mundi,Khandwa,Indore,Nimar Region,Madhya Pradesh,Nagar Panchayat,
Pandhana,Khandwa,Indore,Nimar Region,Madhya Pradesh,Nagar Panchayat,
Omkareshwar,Khandwa,Indore,Nimar Region,Madhya Pradesh,Nagar Panchayat,
Dhargaon,Khargone,Indore,Nimar Region,Madhya Pradesh,Municipality,
Khargone,Khargone,Indore,Nimar Region,Madhya Pradesh,Municipality,
Bediya,Khargone,Indore,Nimar Region,Madhya Pradesh,Municipality,
Sanawad,Khargone,Indore,Nimar Region,Madhya Pradesh,Municipality,
Barwaha,Khargone,Indore,Nimar Region,Madhya Pradesh,Municipality,
Bhikangaon,Khargone,Indore,Nimar Region,Madhya Pradesh,Nagar Panchayat,
Maheshwar,Khargone,Indore,Nimar Region,Madhya Pradesh,Nagar Panchayat,
Mandleshwar,Khargone,Indore,Nimar Region,Madhya Pradesh,Nagar Panchayat,
Jaitpur,Khargone,Indore,Nimar Region,Madhya Pradesh,Nagar Panchayat,
Barwaha Kasba,Khargone,Indore,Nimar Region,Madhya Pradesh,Census Town,
Gogawa,Khargone,Indore,Nimar Region,Madhya Pradesh,Census Town,
Sangvi,Khargone,Indore,Nimar Region,Madhya Pradesh,Census Town,
Chanera,Khandwa,Indore,Nimar Region,Madhya Pradesh,Municipality,
Kalapipal Mandi,Shajapur,Ujjain,Malwa Region,Madhya Pradesh,Municipality,
Kasrawad,Khargone,Indore,Nimar Region,Madhya Pradesh,Nagar Panchayat,
Kareli,Narsinghpur,Jabalpur,Mahakaushal Region,Madhya Pradesh,,
